emotion,polarity,subjectivity
anger,-0.015514408255850843,0.37951278603967487
disgust,0.018275271377330034,0.365694419164846
fear,0.0022826794244728715,0.34877151428078146
happiness,0.14049578014063246,0.40583358510108297
sadness,0.0009098153269896523,0.3694773803290673
